{
  "overallPassRate": 66.66666666666666,
  "passRateByModel": {
    "claude-haiku-4.5": 100,
    "gpt-5-mini": 100,
    "gemini-3-flash": 0
  },
  "passRateByScenario": {
    "banker_vague_disco": 66.66666666666666
  },
  "memoryFirstComplianceRate": 66.66666666666666,
  "memoryFirstByModel": {
    "claude-haiku-4.5": 100,
    "gpt-5-mini": 100,
    "gemini-3-flash": 0
  },
  "toolOrderingAccuracy": 66.66666666666666,
  "toolOrderingByModel": {
    "claude-haiku-4.5": 100,
    "gpt-5-mini": 100,
    "gemini-3-flash": 0
  },
  "invariantViolations": {
    "A": 0,
    "C": 0,
    "D": 0
  },
  "avgLatencyMs": 28020.666666666668,
  "p50LatencyMs": 26532,
  "p95LatencyMs": 41547,
  "latencyByModel": {
    "claude-haiku-4.5": 26532,
    "gpt-5-mini": 41547,
    "gemini-3-flash": 15983
  },
  "avgDisclosureLevel": {
    "none": 33.33333333333333,
    "partial": 66.66666666666666,
    "full": 0
  },
  "skillFirstRate": 66.66666666666666
}
