{
  "baselineId": "baseline-401d5942-1773814353502",
  "commitHash": "401d5942a56f4b1d98a401a0f368e489002b9b93",
  "throughputMetrics": {
    "taskCompletionRate": 0.6,
    "timeToFirstDraftMs": 0.08659999999999854,
    "humanEditDistance": 33,
    "wallClockMs": 0.08659999999999854,
    "toolCallCount": 6
  },
  "qualityMetrics": {
    "factualPrecision": 1,
    "relationshipPrecision": 0.6,
    "evidenceLinkage": 1,
    "receiptCompleteness": 0.9333333333333333,
    "falseConfidenceRate": 0,
    "canaryRelativeUplift": 0
  },
  "capturedAt": "2026-03-18T06:12:33.502Z"
}